"Status","Start Time","Stop Time","Duration in ms","Parent Suite","Suite","Sub Suite","Test Class","Test Method","Name","Description"
"passed","Thu Dec 28 23:59:39 GMT 2023","Thu Dec 28 23:59:39 GMT 2023","517","","REQUESTS POST","POST","","","Post db list",""
"passed","Thu Dec 28 23:59:36 GMT 2023","Thu Dec 28 23:59:36 GMT 2023","519","","REQUESTS GET","GET","","","List dbversions",""
"passed","Thu Dec 28 23:59:38 GMT 2023","Thu Dec 28 23:59:39 GMT 2023","577","","REQUESTS POST","POST","","","Post db create",""
"passed","Thu Dec 28 23:59:35 GMT 2023","Thu Dec 28 23:59:35 GMT 2023","525","","REQUESTS GET","GET","","","test tos",""
"passed","Thu Dec 28 23:59:36 GMT 2023","Thu Dec 28 23:59:37 GMT 2023","519","","REQUESTS GET","GET","","","List envs",""
"passed","Thu Dec 28 23:59:35 GMT 2023","Thu Dec 28 23:59:36 GMT 2023","540","","REQUESTS GET","GET","","","List dbtypes",""
"failed","Thu Dec 28 23:59:40 GMT 2023","Thu Dec 28 23:59:51 GMT 2023","10811","","Test Connection DB","Complex","","","test_complex",""
"passed","Thu Dec 28 23:59:37 GMT 2023","Thu Dec 28 23:59:38 GMT 2023","535","","REQUESTS POST","POST","","","Post login",""
"passed","Thu Dec 28 23:59:39 GMT 2023","Thu Dec 28 23:59:40 GMT 2023","1122","","REQUESTS POST","DELETE","","","delete db",""
"passed","Thu Dec 28 23:59:37 GMT 2023","Thu Dec 28 23:59:37 GMT 2023","676","","REQUESTS GET","GET","","","List regions",""
